{"mean": [119.6436, 0.1121, 0.0928, 0.014, 0.117, 0.0953, 0.6442, 1.3, 0.2405, 0.038, 0.0384, 2.5745, 55.2568, 61.0355, 50.8471, 0.1842, 0.0879, 1.5096, 2.9775, 2.2432, 0.0961, 0.0961, 0.2411, 25.97086, 0.27030770000000004, 0.1951, 0.1982, 0.2004, 0.2009, 0.2054, 0.1038, 0.0987, 0.1209, 0.6766, 0.3386, 0.3311], "scale": [69.07308722679188, 0.3154894451483282, 0.29015196018638234, 0.11749042514179611, 0.32142028560748925, 0.29362886438495794, 0.6929692345263244, 1.2019983361053377, 0.42738711960001785, 0.19119623427253998, 0.19215993338883108, 2.284830354752842, 24.8045288961512, 22.906497762643678, 22.68635540561771, 0.3876472107470916, 0.2831494128547683, 1.1203159554340016, 2.2594233224431406, 1.1248349923433216, 0.29472833253693137, 0.29472833253693137, 0.7554937392195915, 20.14987510781146, 0.23900890531674757, 0.39627766780377616, 0.39864365039468524, 0.4002996877340776, 0.4006734206308175, 0.4039936138109116, 0.30500091803140533, 0.29825879702030583, 0.32601102742085275, 0.46777391975183913, 0.4732335998214835, 0.47060895656585205], "columns": ["age_months", "family_history_cf", "newborn_screening_result", "meconium_ileus", "prolonged_jaundice", "salty_skin", "cough_type", "respiratory_infections_frequency", "wheezing_present", "nasal_polyps", "clubbing_fingers", "respiratory_score", "weight_percentile", "height_percentile", "weight_for_height", "growth_faltering", "failure_to_thrive", "appetite", "nutritional_risk_score", "stool_frequency", "abdominal_distention", "diarrhea_chronic", "fat_malabsorption_signs", "sweat_test_simulated", "cf_clinical_suspicion_index", "ethnicity_Asian", "ethnicity_Black", "ethnicity_Caucasian", "ethnicity_Hispanic", "ethnicity_Other", "stool_character_Fatty", "stool_character_Hard", "stool_character_Loose", "stool_character_Normal", "cough_character_Dry", "cough_character_Wet"], "categorical_cols": ["ethnicity", "stool_character", "cough_character"], "numeric_cols": ["age_months", "family_history_cf", "newborn_screening_result", "meconium_ileus", "prolonged_jaundice", "salty_skin", "cough_type", "respiratory_infections_frequency", "wheezing_present", "nasal_polyps", "clubbing_fingers", "respiratory_score", "weight_percentile", "height_percentile", "weight_for_height", "growth_faltering", "failure_to_thrive", "appetite", "nutritional_risk_score", "stool_frequency", "abdominal_distention", "diarrhea_chronic", "fat_malabsorption_signs", "sweat_test_simulated", "cf_clinical_suspicion_index"]}